name,type,geoname_id,area,area_cum_without_water,population_cum,city_area_manual,error_rate,park_share_of_land,park_per_person
Abidjan,park,2293538,4258895.549988581,1066280057.3407215,5703561.774378267,1059267143.8115337,1.0066205334227147,0.0040206057318684565,0.7467080604124489
Abu Dhabi,park,292968,6024448.883699134,547210098.1673148,838698.5120784119,544793024.4948273,1.0044366824900681,0.011058234251962848,7.18309237102342
Abuja,park,2352778,295788.41948225483,1369873033.722214,1670914.0787185696,1361154140.9175053,1.006405514660398,2.173070709558834e-4,0.1770219206657808
Accra,park,2306104,1311121.0429632985,724794842.7812617,4195752.484867586,720035601.2082056,1.0066097309147912,0.0018209114115514055,0.31248769980879276
Adana,park,325363,3334056.8992338357,1332996314.376511,765392.1049708562,1330513218.7021575,1.0018662690753088,0.0025058427472716316,4.356011614936617
Addis Ababa,park,344979,3384574.7606921843,1391000000,6181662.917185489,1382142892.737608,1.0064082428155086,0.002448787877488096,0.5475184923595253
Ahmedabad,park,1279233,2136694.4170394717,1386166890.5973835,7875873.384349126,1379711504.8734012,1.0046787938646453,0.0015486530405032241,0.27129618681853035
Al Başrah al Qadīmah,park,388349,5016825.449287556,1365584021.1904492,2368634.678208003,1361133553.1628866,1.0032696777015164,0.003685770171214928,2.1180241492888423
Al Mawşil al Jadīdah,park,99071,1311221.1812796497,1376874625.4806967,1931873.632458236,1374107617.1174512,1.0020136766063854,9.542347083631469e-4,0.6787303057763516
Aleppo,park,170063,3153110.9938540882,1387000000,2831709.8185028434,1384172242.6951542,1.0020429229958692,0.002277975888112445,1.1135007454687476
Alexandria,park,361058,2860572.619116135,689376147.7708327,6266572.664789604,687220240.7164183,1.00313714138013,0.004162526726707037,0.45648120146902926
Algiers,park,2507480,13967852.019756693,811033907.7114683,3516686.0968533196,809468917.4565092,1.0019333543527238,0.01725557549960793,3.971879102958586
Almaty,park,1526384,10592943.535899712,1387000000,2388880.3652272047,1386411814.1538978,1.0004242504572576,0.007640546212717031,4.434271255309273
Ankara,park,323786,24084217.53726984,1382360357.434716,4395828.991434306,1380712787.3899221,1.0011932749952352,0.01744332185319893,5.478879543358089
Baghdad,park,98182,8032386.524041848,1362687252.5336728,6382592.579675123,1359056041.210034,1.002671862832386,0.005910268804581615,1.2584833551212977
Bamako,park,2460596,1216416.5178939395,1361645258.2075896,3751060.385438113,1353398953.138251,1.0060930334327636,8.987863593904238e-4,0.3242860399198467
Bandung,park,1650357,27600595.742806457,1373361277.2963257,8054956.894202192,1364432575.3227816,1.0065438938757614,0.02022862561477399,3.4265354992368553
Bangkok,park,1609350,16219125.912660688,1355974461.6948757,12380482.760132313,1347917646.0162435,1.0059772314001854,0.012032727637772342,1.3100560153348455
Baoding,park,1816971,4403169.574117516,1383000000,1786098.8137934615,1381010030.267335,1.0014409524109538,0.003188369003565567,2.4652441063804904
Baotou,park,2038432,59086982.59922703,1378561285.3252497,2342703.853388634,1377148751.9712193,1.0010256941031306,0.042905301634737186,25.22170376497222
Barcelona,park,3128760,65253746.494713135,787760263.0568476,4265599.476903416,787095073.1645952,1.0008451201321562,0.08290452922332986,15.297673128486892
Bayan Nur,park,11838258,5190186.471159637,1382524675.0486379,421834.16243505315,1381134817.7905135,1.0010063154155708,0.0037579144369575,12.303855243015633
Beijing,park,1816670,156964195.3803289,1378753593.5444684,14517322.8687796,1377101026.5119355,1.0012000332587934,0.11398161235701357,10.812199797380693
Beirut,park,276781,1009079.4889951735,573739785.493846,1971484.272054717,572273610.1813359,1.0025620180389683,0.001763281533592694,0.5118374532825932
Bekasi,park,1649378,7675302.520425819,1325265011.0534122,13115447.20804999,1316601710.729315,1.0065800463826666,0.005829631283233091,0.5852108890129859
Belo Horizonte,park,3470127,17379605.92694672,1386389604.686909,4343065.563899299,1379251239.0535402,1.005175536864674,0.012600754260603619,4.001690895806539
Bengaluru,park,1277333,16076177.178837074,1384147618.1726632,13149474.60793069,1375809699.3459163,1.006060372179896,0.011684884316835363,1.2225718257322034
Benin City,park,2347283,92521864.05627543,1379000000,1831458.3244285542,1369991852.9691923,1.0065753289052664,0.06753460895095996,50.518137826119414
Berlin,park,2950159,76713914.92229328,1362200963.0746605,3834830.7570593227,1364563205.998781,0.9982688651476636,0.056218659996876544,20.004511224145936
Bhopāl,park,1275841,5083020.940478116,1356212901.8903532,2748356.2226249985,1349949858.1569564,1.0046394639738305,0.0037653405493281084,1.849476752188711
Bogotá,park,3688689,39688124.098163165,1385362231.8851905,10063142.938750232,1376207108.8474364,1.006652431148551,0.028838772771201338,3.94390940680528
Brasília,park,3469058,161748671.428123,1342890594.126917,1586232.0331940074,1335224929.28511,1.0057411037449033,0.12113964312718796,101.97037258315159
Brazzaville,park,2260535,2462834.2626027633,1206858270.6446025,11489063.244193694,1198867941.882525,1.006664894841988,0.0020542998745428894,0.21436336542471576
Brisbane,park,2174003,126798161.12957084,1246036935.1349158,1498562.0533286333,1241230692.422562,1.0038721590931443,0.10215519315115675,84.61322028535585
Brooklyn,park,5110302,85589811.12866607,860295360.4228889,7932312.790566053,859420684.106373,1.001017751064981,0.09959012240630734,10.790019681329076
Bucharest,park,683506,12562732.326666895,1365984421.6217742,2271633.318981176,1365787434.518834,1.0001442296934073,0.009198160716050764,5.530264159138704
Budapest,park,3054643,44547977.00508675,1360509067.6436584,2276108.4070918523,1361289771.3256083,0.9994264970630099,0.03272483048315749,19.571992645993955
Buenos Aires,park,3435910,17689806.5247137,759592448.1946625,7248253.490222486,757784483.466975,1.0023858560938272,0.02334411288521011,2.4405612398319567
Bursa,park,750269,113754866.53845704,1377765650.1275513,2368486.287432379,1376203932.5115774,1.001134801012466,0.08265843735154424,48.028509661238544
Busan,park,1838524,24068951.741038635,895270254.6831646,3770420.9649894014,893249681.371659,1.0022620476151782,0.026945379598768804,6.38362452482976
Cairo,park,360630,45482307.86597875,1364214443.5299196,20471703.893749956,1359641129.9055653,1.003363618181124,0.03345170050065913,2.2217157937627543
Cali,park,3687925,2783424.5197922215,1381000000,2882034.181223279,1371821701.4677906,1.0066905914393898,0.002028998751670189,0.9657847009332823
Cape Town,park,3369157,16777338.405938067,763255961.8553417,2625335.2493078006,761322221.9841003,1.0025399756048126,0.02203710586854307,6.390550848834107
Caracas,park,3646738,7474854.9041782785,1242875310.3613286,3206558.130352968,1235100347.431891,1.0062950050541268,0.006052022347593482,2.3311147343383634
Casablanca,park,2553604,6687471.512234237,872412165.4821831,4341392.371545389,870120699.2159921,1.002633503913027,0.007685682593529694,1.5403978585454885
Changchun,park,2038180,42322284.40108156,1375229200.9174132,3823348.3005662635,1374852989.4362392,1.0002736376063948,0.03078313443420295,11.069429482742482
Changsha,park,1815577,35523102.94672444,1345653734.5074282,4052607.5239178836,1340657958.2462811,1.0037263615454026,0.026496768044544573,8.765493015810783
Changshu,park,7283386,9173187.249478163,1301786609.2769437,2027066.8710455587,1297850950.4371486,1.00303244285368,0.00706798207173821,4.525350091063668
Changzhou,park,1815456,43416578.90917453,1329478209.6521816,3512739.668430239,1325495880.6775806,1.0030044069036,0.032754970831731595,12.359748517480199
Chaozhou,park,1815395,11486547.03957399,1354244151.026903,2370343.535859335,1348082271.1483135,1.0045708485383023,0.008520657296226886,4.845941892304527
Chattogram,park,1205733,1415077.4082539077,960637350.5283283,5065604.091740299,956057689.234692,1.0047901516249529,0.0014801171772245807,0.2793501787005535
Chengdu,park,1815286,96127534.97201067,1385000000,6664465.993296206,1380530743.3360195,1.0032373467128886,0.06963085424647682,14.423891586918662
Chennai,park,1264527,2796154.421386173,737009420.089314,8940103.42811513,732579202.2860351,1.0060474250285216,0.0038168629585179194,0.3127653325120082
Chicago,park,4887398,48501722.98393148,770857450.8043108,3317942.7954915967,770283211.571877,1.000745491039928,0.06296609124448725,14.618010608813199
Chongqing,park,1814906,69798627.50860538,1327034882.233123,7822420.647142544,1322457079.7987356,1.003461588662737,0.05277950307410204,8.922893648541152
Ciudad Juárez,park,4013708,34717653.54206806,1377000000,1983348.3330602646,1372858191.9112396,1.0030169234616972,0.02528859407812215,17.504566879837718
Coimbatore,park,1273865,362598.35903745674,1387000000,2787735.0714344615,1378388826.3041964,1.0062472747395177,2.6305956063912183e-4,0.1300691599976455
Conakry,park,2422465,409358.04287218046,303944232.6334648,1421266.7417643291,302021664.2572638,1.0063656638040488,0.0013553929777815109,0.2880233743906597
Curitiba,park,3464975,17707080.478888534,1369867402.184271,2801089.9269915023,1364061959.0004587,1.0042559966909907,0.01298114089470226,6.321496610395062
Daegu,park,1835329,14312501.599974789,1366595309.9001274,2640215.688707144,1363708391.7846742,1.0021169614654017,0.010495280139212264,5.420959227381649
Dakar,park,2253354,1256888.4082124622,220814419.3901297,3355964.5389962513,219526621.55478412,1.0058662490509116,0.005725448691874477,0.3745237452921329
Dalian,park,1814087,6005055.841981971,642509071.1260356,3095681.2553732167,641599231.7622299,1.0014180805069026,0.009359512207470009,1.9398172313635043
Damascus,park,170654,2149799.704116845,1388000000,3960723.27390898,1384351982.4271743,1.0026351806615177,0.0015529285408669093,0.5427795772248261
Daqing,park,2037860,13765397.852637494,1281505082.3446054,1142648.6667637674,1281966986.5698931,0.9996396910137885,0.010737716335011877,12.046920679148151
Dar es Salaam,park,160263,2200424.659171083,866332514.6736544,6468604.646520149,860697270.1897388,1.0065473014485957,0.0025565605182946666,0.34016990980501854
Datong,park,2037799,18922565.233769648,1375087326.9562845,1852351.1279275445,1373493552.2211082,1.0011603802089926,0.013776959639285914,10.215431053258609
Davao,park,1715348,406308.9894529638,838243001.7869582,1768907.4990955964,832801866.1883534,1.006533529545879,4.878819392091391e-4,0.22969487644814707
Dazhou,park,1813325,23945976.25693973,1382000000,1143808.0017011464,1377696804.9986591,1.0031234702626353,0.017381165558384988,20.935311014895596
Delhi,park,1273294,59294242.97118311,1377241430.5682487,23654412.43926096,1372232042.2204118,1.0036505402830642,0.043210070270068145,2.5066884719050604
Depok,park,1645524,9112712.706911042,1385000000,13681502.374056876,1375957272.6898165,1.0065719535698272,0.0066228166293978595,0.6660608212290151
Dhaka,park,1185241,4267527.109353633,1357433141.8934073,17896938.535290986,1351270059.3219001,1.004560955472217,0.0031581600435187473,0.23845011821091594
Diyarbakır,park,316541,3490758.5099009275,1375634501.3659132,834671.0094786771,1373359352.7481198,1.0016566302280905,0.002541766292205932,4.18219690184424
Dongguan,park,1812545,19844981.77556383,1313424010.964612,5371585.637966521,1307306644.18841,1.0046793663930313,0.015180051186754126,3.6944364500677285
Dubai,park,292223,30752312.621907834,721950616.5593697,3166397.423972008,718863554.6077503,1.004294364252899,0.04277906763361777,9.712082377622506
Durban,park,1007311,10769304.92791139,721291933.268862,2698790.3404821698,718842513.1262069,1.0034074503078605,0.014981452447875224,3.99041925056962
Ecatepec de Morelos,park,3529612,86778425.18537289,1371754441.829996,7580507.474609256,1364627553.261349,1.0052225887947335,0.06359128905024634,11.447574648008109
Erbil,park,95446,7903112.292895782,1385000000,1681230.7689860389,1382170503.82074,1.0020471397497186,0.005717899688243364,4.700789706378143
Faisalabad,park,1179400,1943988.4404072007,1391707939.2735453,6044768.714361891,1387433711.635274,1.0030806716042913,0.0014011396898493647,0.32159848164056937
Fortaleza,park,3399415,7401367.671262424,706625153.2284527,3386790.333415605,701936137.2688532,1.0066801176213036,0.010544218025389364,2.185363409785715
Foshan,park,1811103,42359969.94877878,1327018835.7795627,9146357.554941416,1320839870.265715,1.0046780579939678,0.03207048098893106,4.631348566281815
Fukuoka,park,1863967,15634503.505427418,1060277369.7617421,2275910.412470636,1057502493.875898,1.0026239899214553,0.014784365612344539,6.869560163598547
Fuyang,park,1810845,48027828.091884196,1370763639.3002698,1719497.7419215664,1366981739.328467,1.0027666060657554,0.035134213362263335,27.93131210408705
Fuzhou,park,1810821,23403862.790588375,1291843794.1313338,3516829.0962770293,1286522040.7181387,1.004136542744518,0.018191575464594684,6.654819483654771
Ganzhou,park,1810638,12031228.899936376,1344079766.339528,1675490.6553828623,1338485607.5586352,1.0041794687587986,0.008988687537612781,7.180719785743687
Gaziantep,park,314830,4917727.942381491,1384000000,1818940.1165319458,1381445982.4907172,1.001848800128021,0.003559840923721776,2.703622784326623
Goiânia,park,3462377,17939060.45629677,1382000000,2488450.865998014,1374263551.4072313,1.005629523234351,0.013053580907335688,7.208926927758392
Guangzhou,park,1809858,38983754.43231721,1323896101.0229216,12208588.157879803,1317754420.5968752,1.004660716997075,0.029583474601177637,3.193141903730767
Guayaquil,park,3657509,39700216.057815686,1182233941.5540621,3188472.9445966007,1174342371.649087,1.0067199907756827,0.03380633877841442,12.45116917962071
Guilin,park,1809498,15905643.671208479,1380000000,1401627.4751175279,1374113073.552412,1.0042841644991913,0.01157520729359526,11.347982223218601
Guiyang,park,1809461,31662998.470518123,1368999622.733972,3194438.696605187,1363504799.510154,1.0040299258394925,0.02322177265668094,9.911913008118521
Haikou,park,1809078,8084765.555613271,619310113.0786318,1677056.0286602732,616125410.5557723,1.005168919295159,0.013121947929919747,4.820808260098405
Hamburg,park,2911298,95732033.06392415,1337453287.7425601,2244810.2002020124,1340083523.1855528,0.9980372600681334,0.07143736297597082,42.64593641605386
Hangzhou,park,1808926,43214908.58029374,1322848202.6923146,4792196.733986676,1318476006.0305665,1.0033160987699057,0.03277640881034879,9.017765959775785
Hanoi,park,1581130,9242162.08477534,1330725553.6166334,5581955.054928482,1324098016.9034703,1.0050053218330939,0.006979968225002722,1.6557213366695147
Harare,park,890299,13204281.869539266,1383163352.8800786,2107183.3213224113,1375629510.0458145,1.0054766510744693,0.009598719548477486,6.266318519099048
Harbin,park,2037013,40673470.77375197,1354069031.0199392,5029077.161619078,1354293643.5886154,0.9998341478085351,0.03003297768272408,8.087660910069912
Havana,park,3553478,15431443.032609653,782926893.3372471,2108495.1365365162,779284125.0636356,1.0046745059426356,0.01980207543859505,7.318699846734221
Hefei,park,1808722,80828919.87260544,1323589079.1171446,5409504.013360143,1319648127.4394252,1.00298636552864,0.06125035772182814,14.942020501875572
Ho Chi Minh City,park,1566083,6445961.828274829,1302547124.81246,10758077.243674401,1294433056.7902308,1.006268433875097,0.004979756808945145,0.5991741537331836
Hohhot,park,2036892,27598965.99528896,1393000000,2280511.091557043,1391621923.3646135,1.0009902665459989,0.01983222995550485,12.102096805170754
Hong Kong,park,1819729,18412157.654784877,728827480.7878532,6488928.950423927,725353858.5012114,1.004788865801058,0.02538369023476302,2.8374725313615885
Houston,park,4699066,44491725.424185716,1384748815.4023798,2579417.213320002,1380027702.8580189,1.0034210273711053,0.0322397335445107,17.248751072309016
Huai'an,park,1797873,7913318.660669662,1368811918.6152596,2774027.003931552,1365226368.4790394,1.0026263411101668,0.005796341796039048,2.852646585434941
Huainan,park,1807681,47161046.56892645,1253244374.2953064,1670200.209269893,1249713623.9616075,1.002825247533516,0.037737482943832654,28.236762459479223
Huizhou,park,1806776,79807711.14130662,1345975128.3840218,2021175.837128113,1339726836.3555968,1.0046638552418805,0.05957013696792417,39.485783312502555
Hyderābād,park,1269843,11831050.818890939,1355997981.7475417,9289350.575368296,1348535875.508098,1.0055334873732094,0.008773256265379862,1.2736144171652033
Ibadan,park,2339354,4129191.525205047,1378000000,3611526.15588188,1369077386.0690417,1.0065172458633453,0.0030160395367138247,1.1433370123818918
Incheon,park,1843564,58342062.6705926,1004630602.1018926,8007021.033766218,1002869472.6380004,1.0017560904105094,0.05817513072476579,7.286363108646733
Indore,park,1269743,6658906.172593854,1388990773.3887753,3666379.589234818,1382451829.508864,1.0047299614643603,0.004816736489805599,1.8162075176682904
Isfahan,park,418863,35393579.79903354,1384000000,2401787.716054436,1380109215.7053747,1.0028191857936668,0.02564549196270953,14.736348080411014
Istanbul,park,745044,24866513.14058943,860953038.111263,10691507.540050857,860151043.9508603,1.0009323875917409,0.028909472720479584,2.3258191651119713
Jaipur,park,1269515,61243063.227771476,1386844316.3383338,4576910.701167598,1381347078.8059404,1.0039796207750664,0.04433575324219819,13.380873525049983
Jakarta,park,1642911,13226311.176877044,1139644928.7656155,16469547.319715574,1132193822.8863842,1.0065811221794476,0.011682020259709812,0.8030767889439149
Jeddah,park,105343,2188776.4257423347,815643160.36552,4366209.710402168,811648023.6307106,1.0049222527727453,0.002696706407232256,0.5012989688808897
Jiangmen,park,1806299,10267529.041847708,1295793053.5980442,2799666.5344897285,1289663764.75764,1.0047526254578116,0.007961399957435599,3.6674114275252725
Jiangyin,park,1815251,12646985.98808444,1247673883.317856,2488334.9977862537,1243971481.2310262,1.0029762756965828,0.010166620520567772,5.082509388541264
Jieyang,park,1797121,1536555.6120735374,1349988088.4508276,3347278.822987808,1343819851.2645154,1.004590077442678,0.0011434238083532257,0.4590461964271012
Jilin,park,2036502,6321852.112270388,1360627992.9417083,1826564.1313858721,1360242222.361035,1.0002836043274732,0.00464759291275142,3.4610622225860737
Jinan,park,1805753,60984554.51501687,1360110323.9501865,3955604.526793945,1357473541.840226,1.0019424187865835,0.04492504099368644,15.417252685886025
Johannesburg,park,993800,55955937.82060904,1380000000,4739885.591637287,1374347329.9813044,1.004112985047799,0.0407145534465223,11.805335115964333
Kabul,park,1138958,1818650.2208789843,1380530043.959916,5472854.748682249,1377205803.9325454,1.0024137569111882,0.0013205362740165017,0.332303761819529
Kaduna,park,2335727,27318.98405036982,1383000000,1856632.8507925998,1374353136.2572036,1.006291588031257,1.9877703429824463e-5,0.014714262994273369
Kakamega,park,195272,19127.849345125258,1385000000,1052224.423187788,1375728787.6885087,1.0067391279403761,1.3903793768293354e-5,0.01817848828026258
Kano,park,2335204,575110.3780997623,1374092979.230034,5105122.957141051,1365683596.6430526,1.0061576360788491,4.211153883032823e-4,0.11265358012490126
Kanpur,park,1267995,1228190.8583890237,1372644836.2855735,4749451.326517528,1367088544.3099287,1.0040643248740333,8.983989102249284e-4,0.25859636702279426
Kaohsiung,park,1673820,15461329.559338331,739658697.6284181,2701720.516727034,736168912.3839805,1.0047404680987362,0.021002421182482384,5.722771642593427
Karachi,park,1174872,10058919.744976267,909099329.7108761,17748787.475145373,905162641.3601853,1.0043491502751098,0.011112831313785506,0.5667384185574558
Kawasaki,park,1859642,37179731.68436201,798283397.4240865,8984359.491327966,796540178.5935532,1.0021884882613346,0.0466765301783145,4.1382729308916515
Khartoum,park,379252,1322792.930609252,1320922302.8425922,5340911.077837069,1313341830.7817223,1.0057718956963078,0.0010071962223436562,0.24767177571976148
Khulna,park,1336135,249923.44156277087,1349374187.6292434,1763953.0758435875,1343042471.0041661,1.0047144574812612,1.860875191652786e-4,0.1416837244625956
Kinshasa,park,2314302,2580995.1127728643,1174946655.3907452,12662401.51708495,1167169322.9998467,1.0066634139859925,0.0022113287780210133,0.2038314066482898
Kobe,park,1859171,18274309.12088717,817870933.135716,2571736.568484815,815941358.6103417,1.0023648446117017,0.022396596186778406,7.105824657481856
Kolkata,park,1275004,14718374.121989515,1346438311.927297,16436106.10616529,1340064659.6367798,1.0047562274287904,0.010983331301326074,0.8954903324984351
Kumasi,park,2298890,6527815.327643052,1386879575.0755644,4479569.989721469,1377843949.5885136,1.0065578003153037,0.0047377029376893896,1.4572415081405925
Kunming,park,1804651,26532944.79852096,1270597227.9680328,3580929.246998952,1265126211.5469606,1.00432448270468,0.020972567445328022,7.409513835202767
Kunshan,park,1785623,23645433.953748353,1274884333.5065236,2903829.6529090703,1270959133.2647855,1.00308837643871,0.018604401459399386,8.142844718890533
Kyiv,park,703448,26128855.07732792,1314164018.6288908,3170164.2333900216,1315819163.950899,0.9987421179388828,0.019857481782582505,8.242114021136052
La Paz,park,3911925,4238722.154223559,1386907375.0193393,2025444.9230656652,1379112047.9333858,1.0056524247595653,0.0030735154265205135,2.092736319784954
Lagos,park,2332459,898578.5162795746,660714349.9438162,7304761.833255663,656404442.1964109,1.0065659332422916,0.0013689403339088005,0.12301270551884465
Lahore,park,1172451,13808155.23703923,1374126284.0824165,12115267.740107715,1369946556.5707676,1.0030510150133969,0.010079338621503326,1.1397317445430608
Lanzhou,park,1804430,13379258.421657296,1383320028.1557317,2842135.87055602,1380456642.2841482,1.0020742309348054,0.00969190774403428,4.707466156091915
León de los Aldama,park,3998655,273094822.2445025,1382000000,1532561.0889560024,1375138971.6420193,1.0049893345323404,0.19859434419083238,178.1950645964382
Lianyungang,park,10859300,2460256.661595586,1361726401.6007967,1554316.5098775155,1358467228.2618477,1.0023991549233904,0.001811053377226827,1.5828543581445078
Lima,park,3936456,25666696.804688796,952667242.104667,9569470.672320666,946839545.4317688,1.006154893615307,0.02710775751659645,2.682143838836222
Linyi,park,1803318,20447083.842597526,1337598544.3233385,1964277.3588329554,1334546910.9924223,1.0022866437333753,0.015321367629851436,10.409468780287648
London,park,2643743,154376082.18684036,1368644631.3085794,8908439.394205097,1370701625.6456997,0.9984993128346578,0.11262559210442173,17.32919486293653
Los Angeles,park,5368361,63411489.23849479,1381083517.3260107,5144705.435634624,1377615679.4577131,1.0025172752604432,0.04602988350383482,12.32558210218943
Luanda,park,2240449,4397485.176547317,693535559.6690243,8332018.996737824,689113554.6870551,1.0064169467454132,0.006381365083646239,0.5277814630846417
Lubumbashi,park,922704,46940.28284095318,1384000000,2487412.659149954,1375487241.8269727,1.0061889037674536,3.41262946056885e-5,0.018871128064852135
Lucknow,park,1264733,10345296.112808071,1383000000,5118752.636657184,1377500418.9555306,1.0039924351156564,0.007510194530940498,2.0210580286145836
Ludhiāna,park,1264728,903258.924110067,1377901640.6092424,2691308.7213261127,1373526355.2667365,1.0031854396719284,6.576203803054479e-4,0.33562070265391036
Lu’an,park,1802206,6713289.435796563,1368431738.0313609,1382648.5262927413,1364320082.6514874,1.0030137028928598,0.004920611754647503,4.855383930286844
Madrid,park,3117735,199541221.1047189,1384310198.5341244,5780921.5602490455,1382814562.2105484,1.0010815884967144,0.1443007808550519,34.51719920865395
Manaus,park,3663517,3369939.541700931,1020530201.5536726,2304257.283408409,1013738317.541598,1.0066998394896876,0.003324269669388962,1.46248405764663
Manila,park,1701668,5873594.673603748,838685529.7931831,15724771.257182365,833782504.9206861,1.0058804602442017,0.0070445165722954044,0.37352496755213244
Maracaibo,park,3633009,29266143.310868643,936170209.1533822,2286940.7873223796,930327968.592802,1.0062797645108068,0.031457877543051946,12.797070861259307
Maracay,park,3632998,1901475.1981234914,1130636749.0399323,1235439.719955545,1123543768.1873436,1.0063130436511896,0.0016923908546893679,1.5391080336901524
Mashhad,park,124665,29680669.010330692,1387000000,4342366.099752871,1384201354.797514,1.0020218483335435,0.02144245048414397,6.835137417828462
Mbuji-Mayi,park,209228,2264.4458173094317,1385715607.799672,3517013.0081488937,1376649710.1466177,1.0065854789248376,1.644896156676095e-6,6.438548313761499e-4
Mecca,park,104515,537255.7028958038,1387000000,2282103.3393462016,1380179479.7914062,1.004941763233304,3.892650997658668e-4,0.23542128598336037
Medan,park,1214520,864624.6230422447,1374592539.7476773,4282366.632474922,1365462267.3432078,1.0066865797926694,6.332101909520741e-4,0.20190345602019355
Medellín,park,3674962,3865739.475373796,1385000000,3544529.1354432264,1375946523.4102974,1.0065798171917784,0.0028095128768467845,1.0906214415671334
Melbourne,park,2158177,123124553.40178978,1135661135.9855175,2606801.664871961,1133750944.8576274,1.0016848419280744,0.10859929507467916,47.23203727424247
Mexico City,park,3530597,126054135.70527673,1379225976.251996,12486020.15532172,1372025462.685928,1.0052480903320642,0.09187448712395502,10.095621674257082
Mianyang,park,1800627,10991768.561640222,1381178822.3825822,1194928.8877447844,1376951790.1885264,1.0030698476331383,0.007982682211506675,9.198680084122184
Minsk,park,625144,49799412.38492706,1359903926.7686954,2152565.459058744,1362684913.575675,0.9979591857374553,0.03654506767397444,23.134911960681062
Mogadishu,park,53654,56476.303581404165,728234934.1699876,3920796.851384513,723372822.2559215,1.0067214467622698,7.807357678337473e-5,0.0144042922196954
Monrovia,park,2274895,6553.037377245491,512972322.3671564,1773578.550367929,509622059.3053832,1.0065740149991538,1.2858621909297463e-5,0.0036948109097767693
Montréal,park,6077243,72230835.04262002,1235131672.1840322,2855069.918210559,1235263528.0810158,0.9998932568686874,0.05847402874011083,25.299147520664345
Moscow,park,524901,20460637.562763844,1367182002.3626032,13027988.314657971,1370540092.9637458,0.9975498049138564,0.014928886551956622,1.5705139633678744
Mosul,park,99072,1311221.1812796497,1376761247.8061657,1927667.3905956857,1373995159.5960433,1.0020131717283018,9.543128097082603e-4,0.6802113205195931
Mumbai,park,1275339,11362947.06368413,777994979.5151728,17100595.145034224,773896490.642996,1.0052959134997133,0.014682773731462675,0.6644767019692746
Nagoya,park,1856057,31888562.3917217,1330154455.4775884,4929131.614095889,1327144039.0635533,1.0022683418871092,0.02402795887492559,6.469407775708331
Nagpur,park,1262180,1225788.7136088242,1380742196.7917418,3632946.5072523532,1373891750.9382591,1.004986161281487,8.922018148603831e-4,0.3374089629896326
Nairobi,park,184745,283373756.5039453,1386000000,6168867.348899135,1376730891.6600685,1.0067326943820913,0.20583089855872405,45.93610795578458
Nanchang,park,1800163,38886981.67101792,1298654037.8253508,3904505.307516627,1293947994.1327183,1.0036369650974934,0.030052971098797763,9.959515638551178
Nanchong,park,1800146,6835991.503894428,1372564357.8938224,1681563.962904796,1368185384.1682708,1.0032005704608618,0.004996392727912434,4.065258089906781
Nanjing,park,1799962,101581195.44685069,1290541028.288291,7003896.064086448,1286749910.0157793,1.002946274363808,0.07894400819939051,14.50352696804338
Nanning,park,1799869,51358587.897150956,1362317086.019055,3729483.4869308146,1355925932.8601322,1.0047134972523473,0.03787713373754667,13.770965356764886
Nantong,park,1799722,25678488.194457497,1077399807.1128168,2488457.3680685144,1074222078.0977235,1.0029581676637298,0.023904264041872996,10.31903882459862
Nanyang,park,1799629,7153762.768644717,1381120222.5362723,1544757.1316640973,1377336420.0673125,1.002747188278645,0.00519391098965865,4.630995139629678
New York City,park,5128581,100245784.55284853,1092285681.8995695,9542638.696917327,1091184926.7809284,1.0010087704582655,0.0918687402038998,10.505038253751778
Ningbo,park,1799397,13906082.354624484,1317648439.1622574,3534563.7456118776,1313186484.8875077,1.0033978070335776,0.010589571637127936,3.9343136396645084
Novosibirsk,park,1496747,5904115.056954276,1349272037.6584332,1665477.0311004906,1352374173.487916,0.9977061556703039,0.004365740763687419,3.544999388585406
Onitsha,park,2326016,21857.963385891635,1310739117.6882324,3370479.5104388995,1302164669.5569198,1.0065847648394808,1.6785867330688e-5,0.006485119793250225
Osaka,park,1853909,42495178.42707185,1163644240.6922085,8359796.384774212,1160887932.8304672,1.0023743100292384,0.036605754289701725,5.0832791220212945
Ouagadougou,park,2357048,7298556.742966855,1375770391.5741954,3147284.2067379504,1367400622.7143576,1.0061209339244144,0.005337540894546955,2.3190014830378325
Palembang,park,1633070,661559.2821279885,1341283514.6287537,2282775.0065114787,1332352575.4996839,1.0067031349608946,4.965346968161773e-4,0.28980485603746775
Paris,park,2988507,80770196.44916281,1378755994.4443207,8641851.693157881,1379984153.689495,0.999110019312982,0.05852979994967145,9.346399280736556
Patna,park,1260086,1043917.4171436504,1301849162.8033519,4710913.2490418255,1296374272.8146877,1.004223232521251,8.052592827818906e-4,0.22159555100191614
Perth,park,2063523,167500850.41857764,1082476887.2549708,1465474.1000708938,1079273178.10099,1.0029683950449113,0.1551978255526556,114.29806259317351
Philadelphia,park,4560349,58799067.79714189,1327492925.890395,2826221.661589523,1325916892.816662,1.0011886363936315,0.04434596777195762,20.804832330126622
Phnom Penh,park,1821306,1011481.2059518792,1224892913.9696763,2590029.156642977,1217346468.394684,1.0061990943177777,8.30890163328539e-4,0.3905288878148745
Phoenix,park,5308655,134593148.09375453,1386000000,2152696.7900096467,1382338557.2436438,1.0026487308316547,0.0973662692026262,62.52304027133863
Port Harcourt,park,2324774,295682.592013025,1259732859.6878111,3672657.0478709713,1251416389.75073,1.006645645690111,2.362783438308029e-4,0.08050917582528741
Pretoria,park,964137,114780627.5076837,1381759340.2835107,2071305.1637403932,1375985946.2852015,1.0041958233758823,0.08341700568785682,55.41463880696901
Puebla,park,3521081,210314445.20109302,1354561695.764912,2311395.662766867,1347413134.0483232,1.0053053970871657,0.15608757246502422,90.99023961537382
Pune,park,1259229,6511072.193112684,1373806026.3310742,6830971.489746263,1366454629.8988214,1.0053799052463215,0.004764938440433104,0.9531692824199649
Putian,park,1798449,4869334.657494247,1288393637.5311325,2249117.215720284,1282937076.7613986,1.004253178794636,0.0037954586750164124,2.164998170597718
Puyang,park,1798425,2127412.808551714,1380331156.0602942,802923.4379809415,1375540888.76411,1.0034824608525363,0.001546600923265278,2.64958364386694
Pyongyang,park,1871859,5497363.8350644335,1355329318.79656,3435361.3011586405,1353435780.193229,1.0013990605472693,0.0040617840281122015,1.600228725057345
Qingdao,park,1797929,41740383.03749517,515984020.1947841,3171190.982768669,514923338.23717666,1.0020598832463852,0.08106135406562076,13.162368102173694
Qingyuan,park,1797945,2159957.290578465,1347021376.7131672,1167783.3713840721,1340903239.993188,1.0045626981407028,0.0016108226351883809,1.8496215509717828
Queens,park,5133273,68053499.88684075,929949782.255887,8686668.946701206,929008001.5970337,1.0010137487053226,0.07325394374413538,7.834245820163816
Quezon City,park,1692192,53695391.01247021,1100297932.0130205,15525070.45210783,1093871277.816443,1.0058751466711935,0.04908748597883979,3.458624627702093
Quito,park,3652462,12533388.123816792,1392000000,2681229.3345840545,1382681773.323547,1.0067392417085639,0.009064550040093705,4.674493137216524
Rabat,park,2538475,3601757.848607174,738940911.3614193,2169594.9839153364,737070695.9717723,1.002537362290847,0.004886583971241086,1.6601060913716257
Rawalpindi,park,1166993,26157691.00014034,1380910719.3676214,4788162.445080806,1377306792.5300643,1.0026166478355463,0.018991913161256962,5.4629915547276084
Recife,park,3390760,12021781.668862607,743944278.8829141,3705851.161286829,739157305.9914687,1.006476257290083,0.01626417214768268,3.244000135366509
Rio de Janeiro,park,3451190,10608769.093045764,721290936.6350797,5928016.968909036,717915543.2293218,1.004701658067709,0.014777182626977938,1.7895983005254708
Riyadh,park,108410,22947502.023426767,1381668608.453211,7445881.22693073,1375630478.296379,1.0043893547374072,0.016681443443914985,3.081905462100148
Rome,park,3169070,204706551.18240786,1389683623.7781267,2960941.7233756925,1388661245.2814415,1.0007362331887342,0.14741287832290573,69.13562315877911
Saint Petersburg,park,498817,40705651.352886125,1193184327.5229137,4955844.168129592,1197171704.7707422,0.9966693355414776,0.03400151472898471,8.213666526211423
Salvador,park,3450554,13291538.112235334,429994916.98095644,3179081.52925575,427402223.9206181,1.0060661665177013,0.031098429929330422,4.1809365346308045
Sanaa,park,71137,1064517.0128930034,1383000000,3461608.6888950486,1375032215.0335512,1.0057946169401233,7.741760529348971e-4,0.30752089810382327
Santa Cruz de la Sierra,park,3904906,64891058.04871747,1381461231.5948863,2058889.6632122723,1373929168.3952274,1.005482133557479,0.047230279072181955,31.5175015000438
Santiago,park,3871336,112497265.10439526,1389000000,6610510.328378906,1385330861.934557,1.0026485644449725,0.08120606289482175,17.01793954113418
Santiago de Querétaro,park,3991164,151927196.4513449,1385000000,1167360.7794749588,1378008810.7790985,1.0050733995067482,0.11025125185190095,130.14588045323646
Santo Domingo,park,3492908,54984282.921445616,829130279.858072,4133214.6296936274,824695141.3906772,1.0053779126913684,0.06667225276570204,13.303031138627635
Sapporo,park,2128295,50214434.82291102,1291077822.2431185,2177655.5067214617,1290474640.483762,1.0004674107808351,0.03891160139658929,23.058943284611
Semarang,park,1627896,996905.054771079,919746641.0859348,2957648.0609601587,913773085.3168473,1.006537241975141,0.0010909766010731275,0.3370600673994484
Seoul,park,1835848,64286602.526467174,1336073351.9174633,13799607.926645117,1333754175.803813,1.001738833254076,0.04819973852207331,4.658581813932461
Shanghai,park,1796236,54525677.56444404,1325251677.3731542,20074082.74903822,1321129357.3910456,1.0031203000365152,0.04127202022981373,2.7162226163014322
Shangqiu,park,1783934,8784023.935418379,1383923423.650281,1581775.6745221242,1380567538.9581926,1.0024308008100935,0.00636261804478396,5.553267809654583
Shantou,park,1795940,5454130.7840814125,977423779.806528,3757195.525139696,972929188.685151,1.004619648761336,0.0056058866847774474,1.451649441075767
Shaoxing,park,1795855,10018164.511504669,1361356325.8729558,2001176.2063274519,1356780647.5229173,1.00337245254669,0.007383776095122593,5.006138130079985
Shenyang,park,2034937,30540796.44825469,1377604758.7621295,6356031.786054559,1376559976.3852668,1.0007589806436232,0.022186317321568734,4.805010024534911
Shenzhen,park,1795565,57783183.55307754,1234919003.2403307,9943313.25453999,1229070969.0870337,1.00475809314546,0.047013707919567466,5.811260499783055
Shijiazhuang,park,1795270,17723117.1569826,1388000000,3917021.748831084,1385745204.9724627,1.0016271353633024,0.012789592988225271,4.5246409883405745
Shiyan,park,1794903,600529.6578666726,1382904590.3560896,1257304.4434976121,1379009423.75159,1.0028246120275979,4.3547900944210656e-4,0.47763265370803815
Singapore,park,1880252,26187225.208703067,662764182.6591063,6026846.646488955,658332204.883085,1.0067321296803462,0.039778131791917616,4.345095660258568
Soweto,park,953781,51909322.47895036,1388612441.7105193,4070925.1403555977,1382935855.9008975,1.0041047354332453,0.037535596649299854,12.751234839561812
Stockholm,park,2673730,59549591.08143819,1158827932.4286678,1996248.35988617,1162556000.1070461,0.9967932145393125,0.051222987173052285,29.83075266488075
Surabaya,park,1625822,2502509.974267911,897196796.9508101,4839231.60317336,891380860.3747568,1.0065246370374255,0.0028074531162984575,0.5171296146741298
Surat,park,1255364,1010281.5029697099,1308281017.5253553,6764483.697996451,1301796058.3955424,1.004981547676374,7.76067415824624e-4,0.14935086668461361
Suzhou,park,1886760,34922468.96452573,1257812659.47283,6420961.0189026445,1253920091.4256244,1.0031043190661217,0.027850633547805415,5.438822765271055
Sydney,park,2147714,100401224.81350061,827864173.6171832,2673218.2449017763,825747891.5108881,1.0025628671027218,0.12158823031300074,37.55818478531659
São Paulo,park,3448439,43790206.50480311,1371079090.8900983,13679062.47831646,1364815977.2031794,1.0045889803398649,0.032085062921478454,3.201257876716165
Taipei,park,1668341,46038511.04200124,1335879118.177641,7002917.769128346,1330126192.0029564,1.0043250980315044,0.03461213779474159,6.5741898676802055
Taiyuan,park,1793511,37416411.353969455,1381299288.5942464,4229637.169712851,1379001560.672137,1.0016662257590119,0.027132972449815343,8.846246108743566
Taizhou,park,1793505,4956355.54235906,1377035142.5889344,1172915.7218823582,1373116204.5606608,1.0028540468863867,0.0036095674393012383,4.225670651259439
Tai’an,park,1793724,188071599.82331598,1359512232.8667412,1362201.1071313145,1356735677.8545518,1.0020464966444902,0.13862066347419966,138.06448903817116
Tangerang,park,1625084,7160372.756167615,1235499796.3616958,11313082.723347098,1227419726.680151,1.006582971990681,0.005833679059024535,0.632928524547122
Tangshan,park,1793346,35622459.67029046,1371858203.8633618,2929859.4525875254,1370126788.6463282,1.0012636897777498,0.025999389228412287,12.158419284867144
Tashkent,park,1512569,5521724.63427751,1385061382.4063158,4257045.912108405,1383848123.803401,1.0008767281481585,0.003990123294094927,1.29707894823778
Tehran,park,112931,74182332.63208613,1386000000,7699346.371883783,1383016575.88065,1.0021571860897258,0.05363806473892026,9.634887047422975
Tianjin,park,1792947,38323308.25634682,1330155242.8624187,7783761.657492565,1328328840.6936722,1.001374962368349,0.02885076878729355,4.923494570193734
Tijuana,park,3981609,21394609.83368499,961313354.3801033,2248954.1150400923,958582359.9764608,1.0028489929688562,0.02231901057955037,9.513137547185387
Tokyo,park,1850147,58541944.100968316,1273262249.985703,15421836.735507939,1270523530.89248,1.002155583132962,0.046077024689063016,3.796042268180591
Toronto,park,6167865,70795867.66823028,730367503.4254439,3066552.2961815875,730140302.7080768,1.0003111740531572,0.09696200498130253,23.08647002576279
Vadodara,park,1253573,809815.2682553295,1380337330.412438,2865521.3967571333,1373745554.3243337,1.00479839666622,5.894943686668606e-4,0.2826066031723877
Valencia,park,3625549,8477115.194099763,1330259831.564519,1678205.6863058414,1321905644.176678,1.006319806125833,0.006412799000778579,5.051296907925544
Vienna,park,2761369,63191034.854517736,1368616659.8792236,2250127.993229135,1369628925.9395711,0.9992609194788631,0.046137339579892724,28.083306836173772
Warsaw,park,756135,122934950.2466452,1365916198.8378994,2393171.583133936,1368194540.6501904,0.9983347822662644,0.08985195203908965,51.36904980530392
Weifang,park,1791681,37988687.278865695,1375796834.2262921,1715560.8014434054,1373147346.467385,1.0019294999664263,0.02766541214720834,22.143597153131214
Wenzhou,park,1791388,18615860.888136808,1271126956.0915465,4205503.059955188,1266350115.4491844,1.003772132670172,0.014700406041763273,4.4265479355839945
Wuhan,park,1791247,55467146.7857956,1161446805.9873624,7771669.441769642,1157682264.8915231,1.0032517912816017,0.04791223677508178,7.13709547239383
Wuhu,park,1791236,7674459.465649986,1296018669.9599729,2349878.5202649403,1292020961.816053,1.0030941511492977,0.005939887735925612,3.265896257813667
Wuxi,park,1790923,28251398.549945008,1166310852.4954464,3463953.2575407787,1162771837.9441469,1.0030436018794167,0.024296596828398635,8.15582556965621
Xiamen,park,1790645,15903473.232900722,796600471.0730497,2856802.6651613484,793092238.210933,1.0044234865669983,0.020052488811107227,5.566878464110686
Xining,park,1788852,10110668.947403051,1385000000,1672567.5058419025,1382307198.958376,1.0019480481933778,0.007314342973126268,6.044999028193933
Xi’an,park,1790630,155286598.56589714,1383486299.4664698,5931272.524216078,1380074262.2777803,1.0024723576708532,0.11252046560856822,26.18099201004442
Yancheng,park,1787746,17721219.3043343,1385000000,1749792.6538405418,1381311975.983222,1.0026699428376076,0.012829266387645907,10.127610986043853
Yangon,park,1298824,3197691.52003327,1280658632.5654466,5902940.127747897,1273510640.700585,1.0056128246097178,0.0025109264248268496,0.5417116641590028
Yangzhou,park,1787227,21627429.33895964,1306070425.076938,2087281.095580034,1302327541.8500915,1.0028739952942478,0.016606751100599188,10.361531748051213
Yantai,park,1787093,14847000.03764477,899984103.9728476,1710369.0485433787,898394438.1855977,1.0017694519463638,0.01652614865651868,8.680582737561284
Yokohama,park,1848354,32912652.43299009,923406292.3031955,8203446.651182573,921371764.4002066,1.0022081509132346,0.03572135993815214,4.012051742695925
Yunfu,park,1785725,3735007.1722572558,1373982825.6790633,489416.84751242725,1367561889.9384274,1.0046951701329765,0.0027311430654340762,7.631545974032732
Zhaoqing,park,1784853,227098904.6947676,1334843420.398546,1112986.3688889984,1328632446.716819,1.004674711728646,0.1709268091833458,204.04464155429102
Zhengzhou,park,1784658,62758240.68744914,1367268376.4830217,5461724.457792016,1364041169.0341125,1.0023659164563152,0.04600905171497772,11.490554159669216
Zhongshan,park,6986104,14989259.520673923,1308273507.6105595,2288212.9010656625,1302070633.0868034,1.004763854099874,0.011511863596169942,6.550640245797561
Zhuhai,park,1790437,31122474.553418934,689901966.4717811,2384102.5989540853,686604650.3793914,1.0048023503635866,0.04532808587332149,13.054167453645862
Zibo,park,1785286,13703893.440630421,1382103681.713592,2359060.2976797484,1379477124.8045657,1.0019040235331185,0.00993412155534793,5.809047549191037
Zunyi,park,1783621,6834775.813018948,1389000000,1497296.213484276,1383708443.6873875,1.0038241844492264,0.0049394623876148624,4.564745273157484
Ürümqi,park,1529102,18662952.739814963,1383474249.5491078,3779049.418026574,1383069876.3709297,1.0002923736429277,0.01349386105406701,4.938531010150375
İzmir,park,311046,11010391.88203323,1246292122.105835,2783951.7826178465,1244375239.2308867,1.0015404379760344,0.008848128389985038,3.954950639152154
Abidjan,golf,2293538,1165510.7769765183,1066280057.3407215,5703561.774378267,1059267143.8115337,1.0066205334227147,0.005120904918703131,0.9510559439073318
Abu Dhabi,golf,292968,2783607.8143774946,547210098.1673148,838698.5120784119,544793024.4948273,1.0044366824900681,0.016167711960416737,10.502053564217057
Abuja,golf,2352778,2267.079871670285,1369873033.722214,1670914.0787185696,1361154140.9175053,1.006405514660398,2.189726280030391e-4,0.178378710880517
Accra,golf,2306104,878013.9424180333,724794842.7812617,4195752.484867586,720035601.2082056,1.0066097309147912,0.003040314925689794,0.521750268462373
Adana,golf,325363,387168.8679407239,1332996314.376511,765392.1049708562,1330513218.7021575,1.0018662690753088,0.0027968348715876803,4.861855437241873
Addis Ababa,golf,344979,458986.2025513649,1391000000,6181662.917185489,1382142892.737608,1.0064082428155086,0.002780870909541498,0.6217681252981556
Ahmedabad,golf,1279233,375433.2113807313,1386166890.5973835,7875873.384349126,1379711504.8734012,1.0046787938646453,0.001820762978018879,0.31896495865617686
Alexandria,golf,361058,120411.9222267,689376147.7708327,6266572.664789604,687220240.7164183,1.00313714138013,0.004337742640169034,0.4756961581395657
Algiers,golf,2507480,279638.11081393994,811033907.7114683,3516686.0968533196,809468917.4565092,1.0019333543527238,0.017601034237779877,4.051396609813734
Almaty,golf,1526384,935430.7597956657,1387000000,2388880.3652272047,1386411814.1538978,1.0004242504572576,0.00831525970711014,4.825848319364843
Ankara,golf,323786,109130.98878715187,1382360357.434716,4395828.991434306,1380712787.3899221,1.0011932749952352,0.017522361454905995,5.503705574807403
Bamako,golf,2460596,56259.89382366184,1361645258.2075896,3751060.385438113,1353398953.138251,1.0060930334327636,9.403556939116356e-4,0.3392844371842754
Bandung,golf,1650357,4006671.9135297723,1373361277.2963257,8054956.894202192,1364432575.3227816,1.0065438938757614,0.023165137089210107,3.9239524272422304
Bangkok,golf,1609350,4898986.817883931,1355974461.6948757,12380482.760132313,1347917646.0162435,1.0059772314001854,0.015667212899066186,1.7057584215172337
Baotou,golf,2038432,2244811.333629448,1378561285.3252497,2342703.853388634,1377148751.9712193,1.0010256941031306,0.04453534438096651,26.179917638391352
Barcelona,golf,3128760,1173158.081065845,787760263.0568476,4265599.476903416,787095073.1645952,1.0008451201321562,0.08439502017043876,15.572700844384283
Beijing,golf,1816670,23036394.559520207,1378753593.5444684,14517322.8687796,1377101026.5119355,1.0012000332587934,0.13070979287247597,12.399020919135959
Beirut,golf,276781,370986.63695415854,573739785.493846,1971484.272054717,572273610.1813359,1.0025620180389683,0.0024115494780757606,0.7000137640007658
Bekasi,golf,1649378,3870892.650886748,1325265011.0534122,13115447.20804999,1316601710.729315,1.0065800463826666,0.008769694796246844,0.8803508556098454
Belo Horizonte,golf,3470127,511784.4868937731,1386389604.686909,4343065.563899299,1379251239.0535402,1.005175536864674,0.012971813914133433,4.11953035260587
Bengaluru,golf,1277333,1705941.4575336203,1384147618.1726632,13149474.60793069,1375809699.3459163,1.006060372179896,0.012924838838412481,1.3523063975229834
Benin City,golf,2347283,161437.78303095698,1379000000,1831458.3244285542,1369991852.9691923,1.0065753289052664,0.06765244744954743,50.60628494957707
Berlin,golf,2950159,3068482.23718955,1362200963.0746605,3834830.7570593227,1364563205.998781,0.9982688651476636,0.05846735190334166,20.80467228250319
Bogotá,golf,3688689,6034396.586565394,1385362231.8851905,10063142.938750232,1376207108.8474364,1.006652431148551,0.03322357542755381,4.543562678481337
Brasília,golf,3469058,596553.1947907731,1342890594.126917,1586232.0331940074,1335224929.28511,1.0057411037449033,0.12158642417636308,102.34645450704866
Brazzaville,golf,2260535,648532.2444495931,1206858270.6446025,11489063.244193694,1198867941.882525,1.006664894841988,0.002595253737594089,0.27081115674289363
Brisbane,golf,2174003,7346653.323847324,1246036935.1349158,1498562.0533286333,1241230692.422562,1.0038721590931443,0.10807403915512444,89.51568882680117
Brooklyn,golf,5110302,7197617.732091895,860295360.4228889,7932312.790566053,859420684.106373,1.001017751064981,0.10796508692042767,11.697399145821707
Bucharest,golf,683506,61806.43761987984,1365984421.6217742,2271633.318981176,1365787434.518834,1.0001442296934073,0.00924341405200758,5.5574720879463335
Budapest,golf,3054643,874602.039423801,1360509067.6436584,2276108.4070918523,1361289771.3256083,0.9994264970630099,0.03336731091447089,19.956245890127114
Buenos Aires,golf,3435910,3564766.8958422653,759592448.1946625,7248253.490222486,757784483.466975,1.0023858560938272,0.0280483090961604,2.9323717015729747
Busan,golf,1838524,8631375.563508999,895270254.6831646,3770420.9649894014,893249681.371659,1.0022620476151782,0.03660827200557583,8.67285844423994
Cairo,golf,360630,8488025.388998125,1364214443.5299196,20471703.893749956,1359641129.9055653,1.003363618181124,0.03969454297011846,2.6363381150434724
Cape Town,golf,3369157,3909870.112402052,763255961.8553417,2625335.2493078006,761322221.9841003,1.0025399756048126,0.02717273701065323,7.879834974902552
Caracas,golf,3646738,1199667.9792262614,1242875310.3613286,3206558.130352968,1235100347.431891,1.0062950050541268,0.007023334501881753,2.7052442309691345
Casablanca,golf,2553604,2755871.3397153737,872412165.4821831,4341392.371545389,870120699.2159921,1.002633503913027,0.010852911395463157,2.175187599684315
Changchun,golf,2038180,1331950.137342202,1375229200.9174132,3823348.3005662635,1374852989.4362392,1.0002736376063948,0.031751929023570914,11.417802174067761
Changsha,golf,1815577,1294729.4551404833,1345653734.5074282,4052607.5239178836,1340657958.2462811,1.0037263615454026,0.027462509863460213,9.084973608860858
Changshu,golf,7283386,911150.3958597183,1301786609.2769437,2027066.8710455587,1297850950.4371486,1.00303244285368,0.00777002755358096,4.974842117633934
Changzhou,golf,1815456,151852.65683803707,1329478209.6521816,3512739.668430239,1325495880.6775806,1.0030044069036,0.03286953373536009,12.402977640948349
Chaozhou,golf,1815395,1156475.8745193481,1354244151.026903,2370343.535859335,1348082271.1483135,1.0045708485383023,0.009378524727073113,5.333835675219873
Chattogram,golf,1205733,908918.7678822577,960637350.5283283,5065604.091740299,956057689.234692,1.0047901516249529,0.002430811657397458,0.4587796705087056
Chengdu,golf,1815286,3207950.503010247,1385000000,6664465.993296206,1380530743.3360195,1.0032373467128886,0.07195456236996149,14.905243056974497
Chennai,golf,1264527,824924.8474933526,737009420.089314,8940103.42811513,732579202.2860351,1.0060474250285216,0.004942918468856119,0.4050377378735728
Chicago,golf,4887398,7008267.527518356,770857450.8043108,3317942.7954915967,770283211.571877,1.000745491039928,0.07206439096364761,16.730243386617914
Chongqing,golf,1814906,4419675.937162159,1327034882.233123,7822420.647142544,1322457079.7987356,1.003461588662737,0.0561215215068173,9.487894705953812
Ciudad Juárez,golf,4013708,4500729.723129794,1377000000,1983348.3330602646,1372858191.9112396,1.0030169234616972,0.02856695869702285,19.773825208345887
Coimbatore,golf,1273865,1042716.7554034367,1387000000,2787735.0714344615,1378388826.3041964,1.0062472747395177,0.0010195346099901965,0.5041064084033539
Curitiba,golf,3464975,1146441.810972415,1369867402.184271,2801089.9269915023,1364061959.0004587,1.0042559966909907,0.013821602578578037,6.730780796498914
Daegu,golf,1835329,6303197.089385237,1366595309.9001274,2640215.688707144,1363708391.7846742,1.0021169614654017,0.015117380529117687,7.808338832898567
Dakar,golf,2253354,546035.564898584,220814419.3901297,3355964.5389962513,219526621.55478412,1.0058662490509116,0.008212780574592482,0.5372297448799295
Dalian,golf,1814087,1976308.829629548,642509071.1260356,3095681.2553732167,641599231.7622299,1.0014180805069026,0.012439797737428293,2.5782256030908073
Damascus,golf,170654,456331.95985865593,1388000000,3960723.27390898,1384351982.4271743,1.0026351806615177,0.001882564331223183,0.6579938773161034
Daqing,golf,2037860,875109.0399701595,1281505082.3446054,1142648.6667637674,1281966986.5698931,0.9996396910137885,0.01142034626943137,12.812780794706384
Dar es Salaam,golf,160263,1077398.933091456,866332514.6736544,6468604.646520149,860697270.1897388,1.0065473014485957,0.0038083350625010702,0.5067280768234734
Datong,golf,2037799,328980.90537819266,1375087326.9562845,1852351.1279275445,1373493552.2211082,1.0011603802089926,0.014016480898665829,10.393032859103197
Davao,golf,1715348,1879832.4119254947,838243001.7869582,1768907.4990955964,832801866.1883534,1.006533529545879,0.002745120411223245,1.2924030242097522
Delhi,golf,1273294,8799990.697524723,1377241430.5682487,23654412.43926096,1372232042.2204118,1.0036505402830642,0.04962297306403398,2.8787116925249365
Depok,golf,1645524,9463041.736607816,1385000000,13681502.374056876,1375957272.6898165,1.0065719535698272,0.01350024075035825,1.357727677535075
Dhaka,golf,1185241,784372.344577156,1357433141.8934073,17896938.535290986,1351270059.3219001,1.004560955472217,0.0037386304973455516,0.28227729809592544
Dongguan,golf,1812545,3743847.06505242,1313424010.964612,5371585.637966521,1307306644.18841,1.0046793663930313,0.018043837645497815,4.391408874483864
Dubai,golf,292223,2602239.9859544057,721950616.5593697,3166397.423972008,718863554.6077503,1.004294364252899,0.046399003530040187,10.533912248457257
Durban,golf,1007311,5873179.35317622,721291933.268862,2698790.3404821698,718842513.1262069,1.0034074503078605,0.023151780782567178,6.166645860350249
Ecatepec de Morelos,golf,3529612,1052517.2965504192,1371754441.829996,7580507.474609256,1364627553.261349,1.0052225887947335,0.06436257444165956,11.586419877047959
Faisalabad,golf,1179400,105514.38149690628,1391707939.2735453,6044768.714361891,1387433711.635274,1.0030806716042913,0.0014771897242488775,0.33905396860506026
Fortaleza,golf,3399415,4046.409906037152,706625153.2284527,3386790.333415605,701936137.2688532,1.0066801176213036,0.010549982666488739,2.1865581722326586
Foshan,golf,1811103,6453776.583523515,1327018835.7795627,9146357.554941416,1320839870.265715,1.0046780579939678,0.03695659680721356,5.336960231336041
Fukuoka,golf,1863967,11454917.49981065,1060277369.7617421,2275910.412470636,1057502493.875898,1.0026239899214553,0.02561641335326923,11.902674576645964
Fuzhou,golf,1810821,2478336.447536543,1291843794.1313338,3516829.0962770293,1286522040.7181387,1.004136542744518,0.020117960220625085,7.359527156302313
Guangzhou,golf,1809858,3217167.572108628,1323896101.0229216,12208588.157879803,1317754420.5968752,1.004660716997075,0.03202487606553502,3.4566586618116073
Guayaquil,golf,3657509,546756.7639693618,1182233941.5540621,3188472.9445966007,1174342371.649087,1.0067199907756827,0.034271924264529144,12.622648371531662
Guilin,golf,1809498,2506137.2924163043,1380000000,1401627.4751175279,1374113073.552412,1.0042841644991913,0.013399029030431907,13.136001748311145
Guiyang,golf,1809461,1827277.3099233508,1368999622.733972,3194438.696605187,1363504799.510154,1.0040299258394925,0.02456190531377156,10.483931282210067
Haikou,golf,1809078,16594110.03259044,619310113.0786318,1677056.0286602732,616125410.5557723,1.005168919295159,0.040054954990319705,14.71559397327863
Hamburg,golf,2911298,9974679.863915188,1337453287.7425601,2244810.2002020124,1340083523.1855528,0.9980372600681334,0.07888068997114503,47.089376606684475
Hangzhou,golf,1808926,286842.22830812633,1322848202.6923146,4792196.733986676,1318476006.0305665,1.0033160987699057,0.032993964705940466,9.077622064236985
Hanoi,golf,1581130,1871463.3952912376,1330725553.6166334,5581955.054928482,1324098016.9034703,1.0050053218330939,0.008393355581074619,1.9909915738669397
Harare,golf,890299,6024599.028277446,1383163352.8800786,2107183.3213224113,1375629510.0458145,1.0054766510744693,0.013978241057925767,9.12539535750937
Harbin,golf,2037013,2287629.527087033,1354069031.0199392,5029077.161619078,1354293643.5886154,0.9998341478085351,0.03172214571353995,8.542541488269382
Havana,golf,3553478,207330.23708056659,782926893.3372471,2108495.1365365162,779284125.0636356,1.0046745059426356,0.020068127614447647,7.417030752738175
Hefei,golf,1808722,844466.9020768143,1323589079.1171446,5409504.013360143,1319648127.4394252,1.00298636552864,0.06189027595799869,15.098128511037075
Ho Chi Minh City,golf,1566083,4985944.724753708,1302547124.81246,10758077.243674401,1294433056.7902308,1.006268433875097,0.008831593486476554,1.062634734264465
Hong Kong,golf,1819729,3532800.2963319905,728827480.7878532,6488928.950423927,725353858.5012114,1.004788865801058,0.030254141056699456,3.3819075719242058
Houston,golf,4699066,15281635.9605148,1384748815.4023798,2579417.213320002,1380027702.8580189,1.0034210273711053,0.043313160497365874,23.1732040385066
Huai'an,golf,1797873,629316.5839323997,1368811918.6152596,2774027.003931552,1365226368.4790394,1.0026263411101668,0.006257303141690102,3.079506880248397
Huizhou,golf,1806776,910720.7660484314,1345975128.3840218,2021175.837128113,1339726836.3555968,1.0046638552418805,0.060249917906347275,39.93637288977678
Hyderābād,golf,1269843,3623380.9612756027,1355997981.7475417,9289350.575368296,1348535875.508098,1.0055334873732094,0.011460156204108148,1.6636719278466694
Ibadan,golf,2339354,589394.9718088955,1378000000,3611526.15588188,1369077386.0690417,1.0065172458633453,0.0034465447643994515,1.3065353242227136
Incheon,golf,1843564,11366113.166065762,1004630602.1018926,8007021.033766218,1002869472.6380004,1.0017560904105094,0.06950872245945858,8.705881443634738
Istanbul,golf,745044,83160.06355699804,860953038.111263,10691507.540050857,860151043.9508603,1.0009323875917409,0.029006153488516588,2.333597307085447
Jaipur,golf,1269515,764345.4347377196,1386844316.3383338,4576910.701167598,1381347078.8059404,1.0039796207750664,0.044889086612547396,13.547873819493729
Jakarta,golf,1642911,9762609.7833248,1139644928.7656155,16469547.319715574,1132193822.8863842,1.0065811221794476,0.02030475745009323,1.3958441306205165
Jiangmen,golf,1806299,1042201.5879590958,1295793053.5980442,2799666.5344897285,1289663764.75764,1.0047526254578116,0.008769518799291214,4.039670614510571
Jiangyin,golf,1815251,274328.19074606895,1247673883.317856,2488334.9977862537,1243971481.2310262,1.0029762756965828,0.01038714662979545,5.192755071293034
Jinan,golf,1805753,30195.415925100446,1360110323.9501865,3955604.526793945,1357473541.840226,1.0019424187865835,0.04494728482753985,15.424886263944844
Johannesburg,golf,993800,19059849.86438337,1380000000,4739885.591637287,1374347329.9813044,1.004112985047799,0.05458284528847075,15.826497546131673
Kaduna,golf,2335727,414895.59288838506,1383000000,1856632.8507925998,1374353136.2572036,1.006291588031257,3.2176197315854675e-4,0.2381809503962901
Kakamega,golf,195272,91253.1166738728,1385000000,1052224.423187788,1375728787.6885087,1.0067391279403761,8.02345396903844e-5,0.104902493789862
Kaohsiung,golf,1673820,2117589.7327140523,739658697.6284181,2701720.516727034,736168912.3839805,1.0047404680987362,0.0238789209872032,6.50656468099378
Karachi,golf,1174872,3250856.978468485,909099329.7108761,17748787.475145373,905162641.3601853,1.0043491502751098,0.0147042930356076,0.7498978024320355
Kawasaki,golf,1859642,5594475.125761868,798283397.4240865,8984359.491327966,796540178.5935532,1.0021884882613346,0.05369999902032571,4.76096341107133
Khartoum,golf,379252,540374.0474395752,1320922302.8425922,5340911.077837069,1313341830.7817223,1.0057718956963078,0.0014186458805928994,0.34884815547301
Kinshasa,golf,2314302,648532.2444495931,1174946655.3907452,12662401.51708495,1167169322.9998467,1.0066634139859925,0.002766974160117539,0.25504856664551073
Kobe,golf,1859171,31466147.10786839,817870933.135716,2571736.568484815,815941358.6103417,1.0023648446117017,0.060960822372664474,19.34119413251609
Kolkata,golf,1275004,1762041.5686233877,1346438311.927297,16436106.10616529,1340064659.6367798,1.0047562274287904,0.012298224247686576,1.0026958687271428
Kumasi,golf,2298890,364894.20042656735,1386879575.0755644,4479569.989721469,1377843949.5885136,1.0065578003153037,0.005002532783286593,1.538698925094414
Kunming,golf,1804651,3398978.272482246,1270597227.9680328,3580929.246998952,1265126211.5469606,1.00432448270468,0.023659238736665884,8.358702729490698
Kunshan,golf,1785623,3065437.351307776,1274884333.5065236,2903829.6529090703,1270959133.2647855,1.00308837643871,0.021016310128274842,9.198498017367188
Kyiv,golf,703448,178891.50203011418,1314164018.6288908,3170164.2333900216,1315819163.950899,0.9987421179388828,0.01999343625636671,8.298543748071308
La Paz,golf,3911925,447689.11641946435,1386907375.0193393,2025444.9230656652,1379112047.9333858,1.0056524247595653,0.0033981367051833544,2.313768800758
Lagos,golf,2332459,504482.153150809,660714349.9438162,7304761.833255663,656404442.1964109,1.0065659332422916,0.0021374941716353533,0.19207480017251333
Lahore,golf,1172451,3060450.9814472124,1374126284.0824165,12115267.740107715,1369946556.5707676,1.0030510150133969,0.012313331595001573,1.392342833880819
Lanzhou,golf,1804430,48033.04954455793,1383320028.1557317,2842135.87055602,1380456642.2841482,1.0020742309348054,0.009726702787988055,4.724366491519989
León de los Aldama,golf,3998655,1482482.3642520187,1382000000,1532561.0889560024,1375138971.6420193,1.0049893345323404,0.19967240422318086,179.16238810147505
Lianyungang,golf,10859300,612479.1445909739,1361726401.6007967,1554316.5098775155,1358467228.2618477,1.0023991549233904,0.002261913826304158,1.9769048238628697
Lima,golf,3936456,1602645.6706997007,952667242.104667,9569470.672320666,946839545.4317688,1.006154893615307,0.028800383979477102,2.8496186893872872
Linyi,golf,1803318,1002876.6745444369,1337598544.3233385,1964277.3588329554,1334546910.9924223,1.0022866437333753,0.01607284115714667,10.920026349988639
London,golf,2643743,33848168.5632842,1368644631.3085794,8908439.394205097,1370701625.6456997,0.9984993128346578,0.13731963778875458,21.128756948446398
Los Angeles,golf,5368361,13076644.817473833,1381083517.3260107,5144705.435634624,1377615679.4577131,1.0025172752604432,0.05552211345770799,14.867349552449827
Lubumbashi,golf,922704,643723.1666508019,1384000000,2487412.659149954,1375487241.8269727,1.0061889037674536,5.021227594771366e-4,0.27766339732619266
Lucknow,golf,1264733,582052.2314404249,1383000000,5118752.636657184,1377500418.9555306,1.0039924351156564,0.007932736857193841,2.1347678076869587
Ludhiāna,golf,1264728,714364.7255290151,1377901640.6092424,2691308.7213261127,1373526355.2667365,1.0031854396719284,0.001177715770386468,0.6010546604411908
Lu’an,golf,1802206,758459.0231641531,1368431738.0313609,1382648.5262927413,1364320082.6514874,1.0030137028928598,0.005476536301100068,5.403939118927437
Madrid,golf,3117735,6474976.547756819,1384310198.5341244,5780921.5602490455,1382814562.2105484,1.0010815884967144,0.14898324278791297,35.63725878397845
Manaus,golf,3663517,271232.3517023586,1020530201.5536726,2304257.283408409,1013738317.541598,1.0066998394896876,0.003591826243910206,1.580193288145907
Manila,golf,1701668,3926370.9036727846,838685529.7931831,15724771.257182365,833782504.9206861,1.0058804602442017,0.011753623420305224,0.6232183233063152
Maracaibo,golf,3633009,1012223.6082882285,936170209.1533822,2286940.7873223796,930327968.592802,1.0062797645108068,0.032545906326943395,13.239681187639192
Maracay,golf,3632998,681247.7496845946,1130636749.0399323,1235439.719955545,1123543768.1873436,1.0063130436511896,0.002298729271557344,2.0905293120258595
Medan,golf,1214520,3075746.3639525073,1374592539.7476773,4282366.632474922,1365462267.3432078,1.0066865797926694,0.0028857413941298917,0.9201386348177948
Medellín,golf,3674962,716756.2272306085,1385000000,3544529.1354432264,1375946523.4102974,1.0065798171917784,0.0033304315426784486,1.2928362350818667
Melbourne,golf,2158177,18401279.00183169,1135661135.9855175,2606801.664871961,1133750944.8576274,1.0016848419280744,0.12482973711778807,54.29098588924403
Mexico City,golf,3530597,4697135.901528355,1379225976.251996,12486020.15532172,1372025462.685928,1.0052480903320642,0.09529799202912863,10.471813274390483
Mianyang,golf,1800627,522065.06769570336,1381178822.3825822,1194928.8877447844,1376951790.1885264,1.0030698476331383,0.00836182770622601,9.635580616907033
Minsk,golf,625144,4144717.988708172,1359903926.7686954,2152565.459058744,1362684913.575675,0.9979591857374553,0.039586649735547624,25.060390217923256
Monrovia,golf,2274895,140890.86837637424,512972322.3671564,1773578.550367929,509622059.3053832,1.0065740149991538,2.8932010116396124e-4,0.08313356390278429
Montréal,golf,6077243,11968105.103729162,1235131672.1840322,2855069.918210559,1235263528.0810158,0.9998932568686874,0.06816273469771457,29.491025634539145
Moscow,golf,524901,48985.97475341987,1367182002.3626032,13027988.314657971,1370540092.9637458,0.9975498049138564,0.014964628647357488,1.5742740200681329
Mumbai,golf,1275339,1269798.624385044,777994979.5151728,17100595.145034224,773896490.642996,1.0052959134997133,0.01632355985691729,0.7387313471214216
Nagoya,golf,1856057,3412148.5602419763,1330154455.4775884,4929131.614095889,1327144039.0635533,1.0022683418871092,0.026599005015968145,7.161649092715209
Nairobi,golf,184745,7387680.337248731,1386000000,6168867.348899135,1376730891.6600685,1.0067326943820913,0.21119700197225366,47.13368279722887
Nanchang,golf,1800163,2703088.5887254477,1298654037.8253508,3904505.307516627,1293947994.1327183,1.0036369650974934,0.03214199523344795,10.651815526970253
Nanjing,golf,1799962,2058347.6100203632,1290541028.288291,7003896.064086448,1286749910.0157793,1.002946274363808,0.08054365673559685,14.797413055327693
Nanning,golf,1799869,1882915.9585712254,1362317086.019055,3729483.4869308146,1355925932.8601322,1.0047134972523473,0.03926579067885871,14.2758384752998
New York City,golf,5128581,8561555.553091537,1092285681.8995695,9542638.696917327,1091184926.7809284,1.0010087704582655,0.09971484890918472,11.402227786439134
Ningbo,golf,1799397,1214757.9639782906,1317648439.1622574,3534563.7456118776,1313186484.8875077,1.0033978070335776,0.011514617681964706,4.277993383872375
Osaka,golf,1853909,13183959.975829635,1163644240.6922085,8359796.384774212,1160887932.8304672,1.0023743100292384,0.04796254386687014,6.660346238134521
Ouagadougou,golf,2357048,918441.4733852692,1375770391.5741954,3147284.2067379504,1367400622.7143576,1.0061209339244144,0.006009210526788394,2.610821799556753
Palembang,golf,1633070,569940.3446626663,1341283514.6287537,2282775.0065114787,1332352575.4996839,1.0067031349608946,9.243046093327022e-4,0.5394748160803742
Paris,golf,2988507,6689423.292898171,1378755994.4443207,8641851.693157881,1379984153.689495,0.999110019312982,0.06337726379555221,10.120472191313635
Patna,golf,1260086,489841.3524715379,1301849162.8033519,4710913.2490418255,1296374272.8146877,1.004223232521251,0.0011831141683220012,0.3255756768450675
Perth,golf,2063523,13582456.972243637,1082476887.2549708,1465474.1000708938,1079273178.10099,1.0029683950449113,0.16778264397290238,123.5663648931504
Philadelphia,golf,4560349,23044603.16874408,1327492925.890395,2826221.661589523,1325916892.816662,1.0011886363936315,0.06172609415362709,28.958687875831888
Phnom Penh,golf,1821306,2184157.806345865,1224892913.9696763,2590029.156642977,1217346468.394684,1.0061990943177777,0.002625085869359638,1.2338235668511617
Phoenix,golf,5308655,30708722.11237822,1386000000,2152696.7900096467,1382338557.2436438,1.0026487308316547,0.11958132061059011,76.78827365436449
Port Harcourt,golf,2324774,85169.54086391465,1259732859.6878111,3672657.0478709713,1251416389.75073,1.006645645690111,3.043368586157016e-4,0.10369934570877468
Pretoria,golf,964137,8554236.672970468,1381759340.2835107,2071305.1637403932,1375985946.2852015,1.0041958233758823,0.089633810951068,59.544516346366976
Puebla,golf,3521081,667695.3345281035,1354561695.764912,2311395.662766867,1347413134.0483232,1.0053053970871657,0.15658311115145662,91.27911068374333
Pune,golf,1259229,1849324.3790339194,1373806026.3310742,6830971.489746263,1366454629.8988214,1.0053799052463215,0.006118312594663788,1.223895691073533
Qingdao,golf,1797929,2667906.9002824896,515984020.1947841,3171190.982768669,514923338.23717666,1.0020598832463852,0.08624252707171517,14.0036630335667
Qingyuan,golf,1797945,1294795.9968611002,1347021376.7131672,1167783.3713840721,1340903239.993188,1.0045626981407028,0.0025764374224773417,2.958385409568683
Queens,golf,5133273,11311427.73700146,929949782.255887,8686668.946701206,929008001.5970337,1.0010137487053226,0.08542975678078983,9.136405233214433
Quezon City,golf,1692192,6639055.404082902,1100297932.0130205,15525070.45210783,1093871277.816443,1.0058751466711935,0.055156806509255044,3.886259106048793
Quito,golf,3652462,1012513.6706300154,1392000000,2681229.3345840545,1382681773.323547,1.0067392417085639,0.0097968325436782,5.052123523983529
Rabat,golf,2538475,3919830.562896776,738940911.3614193,2169594.9839153364,737070695.9717723,1.002537362290847,0.010204704179138883,3.466816833218427
Rawalpindi,golf,1166993,2807789.0463020094,1380910719.3676214,4788162.445080806,1377306792.5300643,1.0026166478355463,0.021030521452111463,6.049393766120131
Recife,golf,3390760,205.11370876058936,743944278.8829141,3705851.161286829,739157305.9914687,1.006476257290083,0.01626444964437668,3.2440554839760005
Rio de Janeiro,golf,3451190,1060504.6991327554,721290936.6350797,5928016.968909036,717915543.2293218,1.004701658067709,0.016254382430122474,1.9684953422672262
Riyadh,golf,108410,191404.18078428588,1381668608.453211,7445881.22693073,1375630478.296379,1.0043893547374072,0.016820582685015056,3.1076115101756936
Rome,golf,3169070,2638990.0998301534,1389683623.7781267,2960941.7233756925,1388661245.2814415,1.0007362331887342,0.1493132626742349,70.02689031172446
Santa Cruz de la Sierra,golf,3904906,3006726.662585959,1381461231.5948863,2058889.6632122723,1373929168.3952274,1.005482133557479,0.04941869368026387,32.97786468332137
Santiago,golf,3871336,6079245.03744534,1389000000,6610510.328378906,1385330861.934557,1.0026485644449725,0.08559436117394614,17.937572782057675
Santiago de Querétaro,golf,3991164,2276817.2449133843,1385000000,1167360.7794749588,1378008810.7790985,1.0050733995067482,0.11190350343919388,132.09627769541333
Santo Domingo,golf,3492908,3847888.5740993693,829130279.858072,4133214.6296936274,824695141.3906772,1.0053779126913684,0.07133808427237334,14.233998658788714
Sapporo,golf,2128295,7544660.911062285,1291077822.2431185,2177655.5067214617,1290474640.483762,1.0004674107808351,0.044758024622879124,26.52352291521614
Semarang,golf,1627896,485255.8201489076,919746641.0859348,2957648.0609601587,913773085.3168473,1.006537241975141,0.0016220229056167189,0.5011282087561236
Seoul,golf,1835848,7910985.082583398,1336073351.9174633,13799607.926645117,1333754175.803813,1.001738833254076,0.05413110520575449,5.231857889936649
Shanghai,golf,1796236,3029318.4659615355,1325251677.3731542,20074082.74903822,1321129357.3910456,1.0031203000365152,0.043564996651096054,2.8671295595393085
Shaoxing,golf,1795855,3219363.839514062,1361356325.8729558,2001176.2063274519,1356780647.5229173,1.00337245254669,0.009756572202873447,6.614873947213361
Shenyang,golf,2034937,1954658.5844023228,1377604758.7621295,6356031.786054559,1376559976.3852668,1.0007589806436232,0.023606276217609787,5.112538156897455
Shenzhen,golf,1795565,5744361.119515313,1234919003.2403307,9943313.25453999,1229070969.0870337,1.00475809314546,0.05168745033476932,6.3889714671904745
Shijiazhuang,golf,1795270,2373140.2344194725,1388000000,3917021.748831084,1385745204.9724627,1.0016271353633024,0.014502130203511276,5.130494207084551
Singapore,golf,1880252,11033069.96599251,662764182.6591063,6026846.646488955,658332204.883085,1.0067321296803462,0.0565372541379859,6.1757495018359085
Soweto,golf,953781,8693624.532503199,1388612441.7105193,4070925.1403555977,1382935855.9008975,1.0041047354332453,0.043821950781639446,14.886775099519479
Stockholm,golf,2673730,11753579.419647906,1158827932.4286678,1996248.35988617,1162556000.1070461,0.9967932145393125,0.06133310609942285,35.718586892240175
Surabaya,golf,1625822,2866638.9614882525,897196796.9508101,4839231.60317336,891380860.3747568,1.0065246370374255,0.006023406126870226,1.1095044370753626
Suzhou,golf,1886760,3975849.091338642,1257812659.47283,6420961.0189026445,1253920091.4256244,1.0031043190661217,0.031021369162080776,6.058021212300114
Sydney,golf,2147714,14006086.634442976,827864173.6171832,2673218.2449017763,825747891.5108881,1.0025628671027218,0.13854992864542487,42.79759487132608
São Paulo,golf,3448439,982754.844620496,1371079090.8900983,13679062.47831646,1364815977.2031794,1.0045889803398649,0.03280512691621157,3.2731016047624637
Taipei,golf,1668341,5499750.816671909,1335879118.177641,7002917.769128346,1330126192.0029564,1.0043250980315044,0.03874689647383366,7.359541202364871
Taiyuan,golf,1793511,744.9891180971172,1381299288.5942464,4229637.169712851,1379001560.672137,1.0016662257590119,0.027133512687868254,8.846422244210558
Tangerang,golf,1625084,6944825.853954709,1235499796.3616958,11313082.723347098,1227419726.680151,1.006582971990681,0.011491748342902385,1.2468041607273908
Tangshan,golf,1793346,849003.9861765802,1371858203.8633618,2929859.4525875254,1370126788.6463282,1.0012636897777498,0.026619042820482688,12.448195637595182
Tashkent,golf,1512569,1833876.7633510605,1385061382.4063158,4257045.912108405,1383848123.803401,1.0008767281481585,0.005315324182694457,1.7278651791625925
Tianjin,golf,1792947,3178058.749356687,1330155242.8624187,7783761.657492565,1328328840.6936722,1.001374962368349,0.031243292876205944,5.331788000696905
Tijuana,golf,3981609,5482786.064271202,961313354.3801033,2248954.1150400923,958582359.9764608,1.0028489929688562,0.028038692365063133,11.951064594075566
Tokyo,golf,1850147,8220878.792765224,1273262249.985703,15421836.735507939,1270523530.89248,1.002155583132962,0.052547490282872575,4.329109692882157
Toronto,golf,6167865,12577469.311804391,730367503.4254439,3066552.2961815875,730140302.7080768,1.0003111740531572,0.11418810421888029,27.187971678764313
Vadodara,golf,1253573,170500.5161100626,1380337330.412438,2865521.3967571333,1373745554.3243337,1.00479839666622,7.136079758580569e-4,0.3421072986838627
Valencia,golf,3625549,553880.0853720903,1330259831.564519,1678205.6863058414,1321905644.176678,1.006319806125833,0.006831800226631626,5.381339935363571
Vienna,golf,2761369,5117565.248852614,1368616659.8792236,2250127.993229135,1369628925.9395711,0.9992609194788631,0.049873800713219,30.357650902045535
Warsaw,golf,756135,603691.0107749521,1365916198.8378994,2393171.583133936,1368194540.6501904,0.9983347822662644,0.09029318389087593,51.62130543754923
Weifang,golf,1791681,1755068.8899158612,1375796834.2262921,1715560.8014434054,1373147346.467385,1.0019294999664263,0.028943548025656508,23.166626408893652
Wenzhou,golf,1791388,559955.8026397228,1271126956.0915465,4205503.059955188,1266350115.4491844,1.003772132670172,0.015142586917184998,4.559696287792229
Wuhan,golf,1791247,2114682.4073206633,1161446805.9873624,7771669.441769642,1157682264.8915231,1.0032517912816017,0.04973888858745865,7.409196907377038
Wuxi,golf,1790923,909897.5715985596,1166310852.4954464,3463953.2575407787,1162771837.9441469,1.0030436018794167,0.025079121432027937,8.418501623271478
Xiamen,golf,1790645,3045064.0111376233,796600471.0730497,2856802.6651613484,793092238.210933,1.0044234865669983,0.02389197161578921,6.632777781649176
Xi’an,golf,1790630,947312.1528511643,1383486299.4664698,5931272.524216078,1380074262.2777803,1.0024723576708532,0.11320688675179544,26.34070683498013
Yancheng,golf,1787746,61458.29518534988,1385000000,1749792.6538405418,1381311975.983222,1.0026699428376076,0.01287375908462814,10.162734173382912
Yangon,golf,1298824,6244918.211413216,1280658632.5654466,5902940.127747897,1273510640.700585,1.0056128246097178,0.0074146296306184835,1.5996451814003154
Yantai,golf,1787093,296429.8585860133,899984103.9728476,1710369.0485433787,898394438.1855977,1.0017694519463638,0.01685610379202095,8.853896127930728
Yokohama,golf,1848354,9509557.480942437,923406292.3031955,8203446.651182573,921371764.4002066,1.0022081509132346,0.0460424462231578,5.171266629474225
Zhaoqing,golf,1784853,668056.9925830588,1334843420.398546,1112986.3688889984,1328632446.716819,1.004674711728646,0.17142962468678613,204.64487980631017
Zhengzhou,golf,1784658,898720.1530945301,1367268376.4830217,5461724.457792016,1364041169.0341125,1.0023659164563152,0.046667917571446636,11.655102950081439
Zhongshan,golf,6986104,3356565.6507926714,1308273507.6105595,2288212.9010656625,1302070633.0868034,1.004763854099874,0.014089731159955866,8.017534191386916
Zhuhai,golf,1790437,6079197.905910961,689901966.4717811,2384102.5989540853,686604650.3793914,1.0048023503635866,0.05418208635606193,15.604056837004586
Ürümqi,golf,1529102,1196981.51674515,1383474249.5491078,3779049.418026574,1383069876.3709297,1.0002923736429277,0.014359313723664542,5.255272440160628
